Index,Customer Id,First Name,Last Name,Company,City,Country,Phone 1,Phone 2,Email,Subscription Date,Website
,DD37Cf93aecA6Dc,Sheryl,Baxter,,,,229.077.5154,397.884.0519x718,zunigavanessa@smith.info,,http://www.stephenson.com/
2.0,,,,,East Jimmychester,Djibouti,,686-620-1820x944,,,
3.0,6F94879bDAfE5a6,,Berry,Murillo-Perry,,Antigua and Barbuda,,,beckycarr@hogan.com,2020-03-25,http://www.lawrence.com/
,,Linda,Olsen,,Bensonview,,001-808-617-6467x12895,,stanleyblackwell@benson.org,,http://www.good-lyons.com/
5.0,,Joanna,Bender,"Martin, Lang and Andrade",West Priscilla,Slovakia (Slovak Republic),001-234-203-0635x76146,,,,
,,Aimee,,,Chavezborough,,(283)437-3886x88321,,louis27@gilbert.com,2020-02-25,
,EA4d384DfDbBf77,Darren,Peck,"Lester, Woodard and Mitchell",,,,+1-247-266-0963x4995,tgates@cantrell.com,,
,,Brett,Mullen,"Sanford, Davenport and Giles",Kimport,,001-583-352-7197x297,001-333-145-0369,asnow@colon.com,2021-04-12,https://hammond-ramsey.com/
9.0,C2dE4dEEc489ae0,,,,Robersonstad,,854-138-4911x5772,+1-448-910-2276x729,,2020-01-13,https://www.bullock.net/
,,,,Beck-Hendrix,Elaineberg,Timor-Leste,739.218.2516x459,001-054-401-0347x617,,2021-11-08,https://arias.com/
11.0,216E205d6eBb815,,,,Shannonville,Guernsey,637-854-0256x825,,kirksalas@webb.com,2021-10-20,
,,Jenna,,"Hoffman, Reed and Mcclain",East Andrea,,(041)737-3846,+1-556-888-3485x42608,,2020-11-29,
,,Tracey,Mata,,,Togo,,,alex56@walls.org,2021-12-02,
14.0,A08A8aF8BE9FaD4,,Cox,,Jodyberg,Sri Lanka,786-284-3358x62152,,holdenmiranda@clarke.com,,
,6fEaA1b7cab7B6C,Faith,,Carter-Hancock,,Singapore,,207-185-3665,,2022-01-26,
,,Miranda,Beasley,,Desireeshire,Oman,540.085.3135x185,+1-600-462-6432x21881,,,http://acosta.org/
17.0,a5DC21AE3a21eaA,,,Winters-Mendoza,West Adriennestad,Western Sahara,936.222.4746x9924,001-469-948-6341x359,,,http://www.benson-roth.com/
18.0,,,Mata,,,Mozambique,(701)087-2415,(195)156-1861x26241,,2022-03-26,
,F160f5Db3EfE973,Clifford,Jacobson,Simon LLC,Harmonview,,,,,2020-09-24,
20.0,0F60FF3DdCd7aB0,Joanna,Kirk,Mays-Mccormick,Jamesshire,,(266)131-7001x711,,,2021-09-24,
21.0,9F9AdB7B8A6f7F2,Maxwell,,,East Carly,Malta,423.262.3059,202-880-0688x7491,fgibson@drake-webb.com,,
22.0,,,Houston,"Manning, Hester and Arroyo",South Alvin,Netherlands,,+1-528-175-0973x4684,blanchardbob@wallace-shannon.com,,https://www.reid-potts.com/
23.0,2FB0FAA1d429421,Colleen,Howard,,,Paraguay,1935085151,(947)115-7711x5488,rsingleton@ryan-cherry.com,2020-08-19,http://paul.biz/
24.0,010468dAA11382c,Janet,Valenzuela,Watts-Donaldson,,,,500.433.2022,,2020-09-08,https://moreno.biz/
,eC1927Ca84E033e,,,Tucker LLC,,,(429)005-9030x11004,541-116-4501,,2021-04-06,
,09D7D7C8Fe09aea,Marcus,Moody,Giles Ltd,Kaitlyntown,Panama,,909-277-5485x566,,2022-05-24,
,aBdfcF2c50b0bfD,Dakota,Poole,Simmons Group,,,,071-152-1376,stacey67@fields.org,2022-02-20,
28.0,b92EBfdF8a3f0E6,Frederick,Harper,"Hinton, Chaney and Stokes",,,+1-077-121-1558x0687,,,,
29.0,3B5dAAFA41AFa22,Stefanie,,Santana-Duran,Acevedoville,,(752)776-3286,,wterrell@clark.com,2020-07-30,
,EDA69ca7a6e96a2,Kent,Bradshaw,Sawyer PLC,,,+1-472-143-5037x884,,qjimenez@boyd.com,2020-04-26,http://maynard-ho.com/
,64DCcDFaB9DFd4e,Jack,Tate,"Acosta, Petersen and Morrow",,Zimbabwe,965-108-4406x20714,,,,
,679c6c83DD872d6,,,Mcgee Group,,Denmark,,,tapiagreg@beard.info,2022-01-13,http://www.daniels-klein.com/
33.0,7Ce381e4Afa4ba9,,,Adkins-Salinas,Port Annatown,Liechtenstein,4077245425,,coleolson@jennings.net,,https://patel-hanson.info/
34.0,A09AEc6E3bF70eE,Kaitlyn,Santana,,New Kaitlyn,United States of America,6303643286,,georgeross@miles.org,,
35.0,,,Moon,"Waters, Chase and Aguilar",West Marthaburgh,Bahamas,+1-586-217-0359x6317,,,2021-11-03,https://spencer-charles.info/
36.0,E11dfb2DB8C9f72,,Haley,,East Teresa,Belize,001-276-734-4113x6087,,,,http://evans-simon.com/
37.0,,,Sosa,,South Hunter,Uruguay,,,fwolfe@dorsey.com,,
38.0,7a1Ee69F4fF4B4D,Jordan,Gay,,,Solomon Islands,7208417020,8035336772,tiffanydavies@harris-mcfarland.org,,http://www.lee.org/
,dca4f1D0A0fc5c9,,,,Poolefurt,Montenegro,559-529-4424,001-625-000-7132x0367,,,http://www.farley.org/
,17aD8e2dB3df03D,,Garza,,West John,Poland,001-067-713-6440x158,,ann48@miller.com,2021-11-01,http://spence.com/
41.0,2f79Cd309624Abb,Natalie,Gentry,Monroe PLC,West Darius,,,499.122.5415,tcummings@fitzpatrick-ashley.com,2020-10-10,http://www.dorsey.biz/
,,Bryan,,Kaufman and Sons,,Burkina Faso,001-710-802-5565,078.699.8982x13881,woodwardandres@phelps.com,,http://www.butler.com/
43.0,,Wayne,Simpson,Perkins-Trevino,East Rebekahborough,Bolivia,(344)156-8632x1869,463-445-3702x38463,barbarapittman@holder.com,,
,D3fC11A9C235Dc6,Luis,,Cross PLC,,Bulgaria,001-336-025-6849x701,684.698.2911x6092,bstuart@williamson-mcclure.com,2022-05-15,
,30Dfa48fe5Ede78,Rhonda,Frost,"Herrera, Shepherd and Underwood",Lake Lindaburgh,Monaco,(127)081-9339,+1-431-028-3337x3492,,2021-12-06,
46.0,fD780ED8dbEae7B,,Montes,"Price, Sexton and Mcdaniel",,,(897)726-7952,(467)886-9467x5721,juan80@henson.net,2020-07-01,http://ochoa.com/
47.0,300A40d3ce24bBA,Geoffrey,Guzman,,,Uzbekistan,975.235.8921x269,(983)188-6873,,,
,283DFCD0Dba40aF,,Mccall,"Brennan, Acosta and Ramos",,Ghana,445-603-6729,,bartlettjenna@zuniga-moss.biz,2022-03-11,http://burgess-frank.com/
,F4Fc91fEAEad286,Brady,,Osborne-Erickson,North Eileenville,United Arab Emirates,,+1-028-691-7497x0894,,,
,,,Mccann,,,Belarus,(530)287-4548x29481,162-234-0249x32790,,,
,,,,,New Alberttown,,,(092)508-0269,uwarner@steele-arias.com,,https://valenzuela.com/
52.0,,Samuel,Crawford,,,Algeria,802-242-7457,,,,https://guerrero.org/
53.0,,Patricia,Goodwin,,,Swaziland,322.549.7139x70040,(111)741-4173,vaughanchristy@lara.biz,,http://clark.info/
54.0,,,,,,,,,clinton85@colon-arias.org,2020-10-15,https://kim.com/
55.0,f3BEf3Be028166f,,West,"Nixon, Blackwell and Sosa",Wallstown,Ecuador,,,,2022-01-13,https://www.mora.com/
,C6F2Fc6a7948a4e,Ralph,,,,,,,,,http://may.com/
,c8FE57cBBdCDcb2,Phyllis,Maldonado,,,Saint Barthelemy,4500370767,001-508-064-6725x017,,,http://www.bernard.com/
58.0,B5acdFC982124F2,Danny,,Novak LLC,,,(669)384-8597x8794,506.731.5952x571,,,http://www.parsons-hudson.com/
,8c7DdF10798bCC3,,Hill,"Moore, Mccoy and Glass",,,,,ncamacho@boone-simmons.org,,http://hayden.com/
,C681dDd0cc422f7,Kelli,Hardy,Petty Ltd,Huangfort,,020.324.2191x2022,424-157-8216,kristopher62@oliver.com,,http://www.kidd.com/
61.0,,,Pham,"Brennan, Camacho and Tapia",East Pennyshire,,846.468.6834x611,,,,https://www.murphy.com/
62.0,9Cf5E6AFE0aeBfd,,Harris,,Port Jasminborough,Togo,,+1-386-458-8944x15194,,2020-12-10,https://www.ryan.com/
,aEcbe5365BbC67D,,Jimenez,Caldwell Group,West Kristine,,+1-235-657-1073x6306,(026)401-7353x2417,,,http://cherry.com/
64.0,FCBdfCEAe20A8Dc,Chloe,Hutchinson,,,,981-544-9452,,leah85@sutton-terrell.com,2022-05-15,https://mitchell.info/
,636cBF0835E10ff,,Lynch,,,Liberia,,,levigiles@vincent.com,2021-01-02,http://mckay.com/
66.0,fF1b6c9E8Fbf1ff,,,,Lake Nancy,Lithuania,497.829.9038,3863743398,fisherlinda@schaefer.net,,https://www.vang.com/
67.0,2A13F74EAa7DA6c,,Cannon,Henderson Inc,Georgeport,New Caledonia,001-215-801-6392x46009,027-609-6460,,2020-01-20,http://www.velazquez.net/
68.0,a014Ec1b9FccC1E,Tom,Alvarado,Donaldson-Dougherty,,Kiribati,(585)606-2980x2258,,nicholsonnina@montgomery.info,2020-08-18,http://odom-massey.com/
69.0,,,,Warren Ltd,,,,+1-439-171-1846x4636,zvalencia@phelps.com,,
70.0,CC68FD1D3Bbbf22,,Good,,,Canada,6977745822,855-436-7641,,2020-02-03,http://conway.org/
,CBCd2Ac8E3eBDF9,,Buck,,Nicolasfort,,078-900-4760x76668,414-112-8700x68751,lee48@manning.com,,https://ramsey.org/
,Ef859092FbEcC07,,,,New Jasmineshire,Morocco,,9857827463,aharper@maddox-townsend.org,2020-02-23,https://www.brooks.com/
73.0,F560f2d3cDFb618,,,Huynh and Sons,East Summerstad,,,001-243-038-4271x53076,buckleycory@odonnell.net,,
74.0,A3F76Be153Df4a3,,,,Skinnerport,,,(399)820-6418x0071,,2020-02-09,
,,Regina,Stein,Guzman-Brown,,Solomon Islands,,,zrosario@rojas-hardin.net,,
,,,Riddle,"Chang, Aguirre and Leblanc",Colinhaven,United States Virgin Islands,,,,2020-07-11,
77.0,BF6a1f9bd1bf8DE,Brittany,Zuniga,,West Reginald,Kyrgyz Republic,,001-480-851-2496x0157,mchandler@cochran-huerta.org,2021-07-24,http://www.boyle.com/
78.0,,,Mcmahon,"Mcguire, Huynh and Hopkins",,,5040771311,684-682-0021x1326,katrinalane@fitzgerald.com,,
,CbAE1d1e9a8dCb1,,Pennington,,Port Katherineville,Dominica,007.155.3406x553,,,,http://www.hebert.com/
80.0,A7F85c1DE4dB87f,Alejandro,Blair,,Thomasland,Iceland,,555.509.8691x2329,,,https://mercado-blevins.com/
,D6CEAfb3BDbaa1A,,,,,Micronesia,,075.256.0829,corey75@wiggins.com,2021-11-13,https://www.juarez.com/
82.0,,,,"Coffey, Lamb and Johnson",,Saint Vincent and the Grenadines,(733)910-9968,,chloelester@higgins-wilkinson.com,,
83.0,E8E7e8Cfe516ef0,Hunter,Moreno,,East Clinton,Isle of Man,(733)833-6754,,isaac26@benton-finley.com,,
84.0,,Chad,Davidson,,South Joshuashire,Oman,8275702958,(804)842-4715,justinwalters@jimenez.com,2021-11-15,http://www.garner-oliver.com/
,03A1E62ADdeb31c,,Holt,"Mcdonald, Bird and Ramirez",,Fiji,001-439-242-4986x7918,,maurice46@morgan.com,2020-02-18,
86.0,,Emma,Cunningham,Stephens Inc,North Jillianview,New Zealand,128-059-0206x60217,,walter83@juarez.org,,http://www.reid.info/
,,,Woods,,Lyonsberg,,,(203)287-1003x5932,kmercer@wagner.com,,http://murray.org/
88.0,E4Bbcd8AD81fC5f,,,"Vaughn, Watts and Leach",,Benin,365-273-8144,053-308-7653x6287,vcantu@norton.com,2020-11-10,
89.0,efeb73245CDf1fF,Vernon,Kane,Carter-Strickland,Thomasfurt,Yemen,114-854-1159x555,499-608-4612,hilljesse@barrett.info,,
,,,,,,Namibia,679.415.1210,,tyrone77@valenzuela.info,,http://www.deleon-crosby.com/
91.0,,Nina,Chavez,Byrd-Campbell,Cassidychester,Bhutan,,+1-330-920-5422x571,,2020-03-26,https://www.pugh.com/
92.0,98b3aeDcC3B9FF3,,,,,Hungary,,,nsteele@sparks.com,2021-07-06,https://www.holt-sparks.com/
93.0,,,Ayers,Lamb-Peterson,,Anguilla,,,dudleyemily@gonzales.biz,2021-06-29,http://www.ruiz.com/
,54B5B5Fe9F1B6C5,,,"Lee, Lucero and Johnson",Frankchester,Solomon Islands,158-687-1764,(438)375-6207x003,alan79@gates-mclaughlin.com,,https://travis.net/
,,Darrell,Douglas,,,Mali,,001-769-564-6303,grayjean@lowery-good.com,2022-02-17,https://banks.biz/
96.0,,Karl,Greer,,East Richard,Guyana,(188)169-1674x58692,001-841-293-3519x614,hhart@jensen.com,2022-01-30,http://hayes-perez.com/
97.0,CeD220bdAaCfaDf,Lynn,Atkinson,,New Bradview,Sri Lanka,,605.413.3198,,,https://novak-allison.com/
,28CDbC0dFe4b1Db,Fred,Guerra,,,Solomon Islands,+1-753-067-8419x7170,+1-632-666-7507x92121,,2021-09-18,https://www.ross.com/
99.0,,Yvonne,Farmer,Fitzgerald-Harrell,,Aruba,(530)311-9786,,mccarthystephen@horn-green.biz,2021-08-11,
,2354a0E336A91A1,,Haynes,,Judymouth,,(753)813-6941,783.639.1472,colleen91@faulkner.biz,2020-03-11,
